,urls 
1,https://f.nooncdn.com/products/tr:n-t_400/v1555184036/N23391371A_1.jpg
2,https://f.nooncdn.com/products/tr:n-t_400/v1555184037/N23391372A_1.jpg
3,https://f.nooncdn.com/products/tr:n-t_400/v1651137728/N47973486A_1.jpg
4,https://f.nooncdn.com/products/tr:n-t_400/v1635445544/N47729379A_1.jpg
5,https://f.nooncdn.com/products/tr:n-t_400/v1650960811/N47973556A_1.jpg
6,https://f.nooncdn.com/products/tr:n-t_400/v1624269426/N48463866A_1.jpg
7,https://f.nooncdn.com/products/tr:n-t_400/v1624269424/N48463852A_1.jpg
8,https://f.nooncdn.com/products/tr:n-t_400/v1622377813/N47729467A_1.jpg
9,https://f.nooncdn.com/products/tr:n-t_400/v1622799650/N47973531A_1.jpg
10,https://f.nooncdn.com/products/tr:n-t_400/v1622377893/N47729456A_1.jpg
11,https://f.nooncdn.com/products/tr:n-t_400/v1635445544/N47973496A_1.jpg
